Fecha_Carga;SOLPED;NPOs;Centro;Material;Texto_Breve;Unidad_Medida;Numero_Parte;Cantidad_Solicitada;RANGO_FECHA;Accion_Usuario_Fecha;Contrato;Pedido;Pedido_Fecha;Pedido_Moneda;Pedido_Posicion_USD;Proveedor;Proveedor_RazonSocial;Stock_Coishco;Stock_Chancay;Stock_Pisco;Stock_Ilo;Stock_Callao;Comprador_Nombres;Accion_Solicitante_Desc;Reposicion_Automatica;Tipo_Material;Tipo_Material_Desc;Grupo_Articulo;Grupo_Articulo_Desc;Usuario_Area
2026-08-21 21:00:23.693000;1000000052;10;AG04;54000002;SACO NO MICROP. D/PP LAMIN BLANCO C/LOGO;UN;FT-0050                                 ;100;22 dias a mas;2026-01-19 00:00:00;          ;;1900-01-01 00:00:00;;0;          ;;361669;215750;441623;170781;0;LJUBICA BARBA     ;Comprar;NO;ZENV;Envases                  ;ENVHAR001;ENVASE HARINA       ;PRODUCCION                              
2026-08-21 21:00:23.693000;1000000092;60;AG04;50000001;GASOLINA EFITEC 95                      ;GLN;                                        ;200;22 dias a mas;2026-01-28 00:00:00;          ;;1900-01-01 00:00:00;;0;          ;;4;0;0;0;0;LJUBICA BARBA     ;Comprar;SI;ZSUM;Combus. Grasas y Lubrican;SUMCMB001;COMBUSTIBLES        ;ALMACENES                               
2026-08-21 21:00:23.693000;1000000092;90;AG04;50000001;GASOLINA EFITEC 95                      ;GLN;                                        ;200;22 dias a mas;2026-01-28 00:00:00;          ;;1900-01-01 00:00:00;;0;          ;;4;0;0;0;0;LJUBICA BARBA     ;Comprar;SI;ZSUM;Combus. Grasas y Lubrican;SUMCMB001;COMBUSTIBLES        ;ALMACENES                               
2026-08-21 21:00:23.693000;1000000146;140;AG04;52000413;P.C. ACIDO NITRICO AL 60%               ;KG;                                        ;12760;22 dias a mas;2026-02-09 00:00:00;          ;;1900-01-01 00:00:00;;0;          ;;0;0;0;0;0;LJUBICA BARBA     ;Comprar;NO;ZIQU;Insumos Químicos         ;IQUSAN001;SANEAMIENTO Y DESINF;PRODUCCION                              
2026-08-21 21:00:23.693000;1000000568;30;AG07;90005427;EVAP. 36,000 BTU YORK YFFE36BVTMAM-RX   ;EQ;                                        ;1;01 - 07 dias;2026-08-20 00:00:00;          ;;1900-01-01 00:00:00;;0;          ;;0;0;0;0;0;PATRICIA ALDAVES  ;Comprar;NO;ZMYE;Maquinarias y Equipos    ;MYEREF001;EQUIP. REFRIGERACIÓN;SERVICIOS GENERALES                     
2026-08-21 21:00:23.693000;1000000576;10;AG10;90005402;ELECTROBOMBA, HERMETIC,CNF 40-160,159 MM;EQ;12356BM1-CNF401604.5                    ;1;01 - 07 dias;2026-08-21 00:00:00;          ;;1900-01-01 00:00:00;;0;          ;;0;0;0;0;0;PATRICIA ALDAVES  ;Comprar;NO;ZMYE;Maquinarias y Equipos    ;MYEBOM001;BOMBAS              ;PLANEAMIENTO Y PROYECTOS                
2026-08-21 21:00:23.693000;1000000603;10;AG06;40005397;MOCHILA 5S AZUL                         ;UN;                                        ;30;08 - 14 dias;2026-08-11 00:00:00;          ;;1900-01-01 00:00:00;;0;          ;;0;0;0;0;0;ARIANA ALVAREZ    ;Comprar;NO;ZMDI;Materiales Diversos      ;MDIPOP001;MATERIALES POP      ;ESTRATEGIA Y MEJORA CONTINUA            
2026-08-21 21:00:23.693000;1000000603;20;AG06;40005395;CASACA CORTAVIENTO IMPERMEABLE 5S       ;UN;                                        ;76;15 - 21 dias;2026-08-04 00:00:00;          ;;1900-01-01 00:00:00;;0;          ;;0;0;0;0;0;ARIANA ALVAREZ    ;Comprar;NO;ZMDI;Materiales Diversos      ;MDIPOP001;MATERIALES POP      ;ESTRATEGIA Y MEJORA CONTINUA            
2026-08-21 21:00:23.693000;1000000603;30;AG07;40005397;MOCHILA 5S AZUL                         ;UN;                                        ;70;08 - 14 dias;2026-08-11 00:00:00;          ;;1900-01-01 00:00:00;;0;          ;;0;0;0;0;0;ARIANA ALVAREZ    ;Comprar;NO;ZMDI;Materiales Diversos      ;MDIPOP001;MATERIALES POP      ;ESTRATEGIA Y MEJORA CONTINUA            
2026-08-21 21:00:23.693000;1000000603;40;AG07;40005395;CASACA CORTAVIENTO IMPERMEABLE 5S       ;UN;                                        ;41;08 - 14 dias;2026-08-11 00:00:00;          ;;1900-01-01 00:00:00;;0;          ;;0;0;0;0;0;ARIANA ALVAREZ    ;Comprar;NO;ZMDI;Materiales Diversos      ;MDIPOP001;MATERIALES POP      ;ESTRATEGIA Y MEJORA CONTINUA            
2026-08-21 21:00:23.693000;1000000603;50;AG08;40005395;CASACA CORTAVIENTO IMPERMEABLE 5S       ;UN;                                        ;25;15 - 21 dias;2026-08-04 00:00:00;          ;;1900-01-01 00:00:00;;0;          ;;0;0;0;0;0;ARIANA ALVAREZ    ;Comprar;NO;ZMDI;Materiales Diversos      ;MDIPOP001;MATERIALES POP      ;ESTRATEGIA Y MEJORA CONTINUA            
2026-08-21 21:00:23.693000;1000000606;10;AG06;40005399;AFICHE BASC 59X84 CM                    ;UN;                                        ;6;08 - 14 dias;2026-08-11 00:00:00;          ;;1900-01-01 00:00:00;;0;          ;;0;0;0;0;0;ARIANA ALVAREZ    ;Comprar;NO;ZMDI;Materiales Diversos      ;MDIPOP001;MATERIALES POP      ;ESTRATEGIA Y MEJORA CONTINUA            
2026-08-21 21:00:23.693000;1000000606;20;AG06;40005400;AFICHE BASC 30X40 CM                    ;UN;                                        ;2;08 - 14 dias;2026-08-11 00:00:00;          ;;1900-01-01 00:00:00;;0;          ;;0;0;0;0;0;ARIANA ALVAREZ    ;Comprar;NO;ZMDI;Materiales Diversos      ;MDIPOP001;MATERIALES POP      ;ESTRATEGIA Y MEJORA CONTINUA            
2026-08-21 21:00:23.693000;1000000606;30;AG06;40005403;AFICHE OEA 59X84 CM                     ;UN;                                        ;3;08 - 14 dias;2026-08-11 00:00:00;          ;;1900-01-01 00:00:00;;0;          ;;0;0;0;0;0;ARIANA ALVAREZ    ;Comprar;NO;ZMDI;Materiales Diversos      ;MDIPOP001;MATERIALES POP      ;ESTRATEGIA Y MEJORA CONTINUA            
2026-08-21 21:00:23.693000;1000000606;40;AG07;40005399;AFICHE BASC 59X84 CM                    ;UN;                                        ;5;08 - 14 dias;2026-08-11 00:00:00;          ;;1900-01-01 00:00:00;;0;          ;;0;0;0;0;0;ARIANA ALVAREZ    ;Comprar;NO;ZMDI;Materiales Diversos      ;MDIPOP001;MATERIALES POP      ;ESTRATEGIA Y MEJORA CONTINUA            
2026-08-21 21:00:23.693000;1000000606;50;AG07;40005400;AFICHE BASC 30X40 CM                    ;UN;                                        ;2;08 - 14 dias;2026-08-11 00:00:00;          ;;1900-01-01 00:00:00;;0;          ;;0;0;0;0;0;ARIANA ALVAREZ    ;Comprar;NO;ZMDI;Materiales Diversos      ;MDIPOP001;MATERIALES POP      ;ESTRATEGIA Y MEJORA CONTINUA            
2026-08-21 21:00:23.693000;1000000606;60;AG07;40005403;AFICHE OEA 59X84 CM                     ;UN;                                        ;2;08 - 14 dias;2026-08-11 00:00:00;          ;;1900-01-01 00:00:00;;0;          ;;0;0;0;0;0;ARIANA ALVAREZ    ;Comprar;NO;ZMDI;Materiales Diversos      ;MDIPOP001;MATERIALES POP      ;ESTRATEGIA Y MEJORA CONTINUA            
2026-08-21 21:00:23.693000;1000000606;70;AG08;40005399;AFICHE BASC 59X84 CM                    ;UN;                                        ;6;08 - 14 dias;2026-08-11 00:00:00;          ;;1900-01-01 00:00:00;;0;          ;;0;0;0;0;0;ARIANA ALVAREZ    ;Comprar;NO;ZMDI;Materiales Diversos      ;MDIPOP001;MATERIALES POP      ;ESTRATEGIA Y MEJORA CONTINUA            
2026-08-21 21:00:23.693000;1000000606;80;AG08;40005400;AFICHE BASC 30X40 CM                    ;UN;                                        ;2;08 - 14 dias;2026-08-11 00:00:00;          ;;1900-01-01 00:00:00;;0;          ;;0;0;0;0;0;ARIANA ALVAREZ    ;Comprar;NO;ZMDI;Materiales Diversos      ;MDIPOP001;MATERIALES POP      ;ESTRATEGIA Y MEJORA CONTINUA            
2026-08-21 21:00:23.693000;1000000606;90;AG08;40005403;AFICHE OEA 59X84 CM                     ;UN;                                        ;3;08 - 14 dias;2026-08-11 00:00:00;          ;;1900-01-01 00:00:00;;0;          ;;0;0;0;0;0;ARIANA ALVAREZ    ;Comprar;NO;ZMDI;Materiales Diversos      ;MDIPOP001;MATERIALES POP      ;ESTRATEGIA Y MEJORA CONTINUA            
2026-08-21 21:00:23.693000;1000000606;100;AG04;40005399;AFICHE BASC 59X84 CM                    ;UN;                                        ;11;08 - 14 dias;2026-08-11 00:00:00;          ;;1900-01-01 00:00:00;;0;          ;;0;0;0;0;0;ARIANA ALVAREZ    ;Comprar;NO;ZMDI;Materiales Diversos      ;MDIPOP001;MATERIALES POP      ;ESTRATEGIA Y MEJORA CONTINUA            
2026-08-21 21:00:23.693000;1000000606;110;AG04;40005400;AFICHE BASC 30X40 CM                    ;UN;                                        ;2;08 - 14 dias;2026-08-11 00:00:00;          ;;1900-01-01 00:00:00;;0;          ;;0;0;0;0;0;ARIANA ALVAREZ    ;Comprar;NO;ZMDI;Materiales Diversos      ;MDIPOP001;MATERIALES POP      ;ESTRATEGIA Y MEJORA CONTINUA            
2026-08-21 21:00:23.693000;1000000606;120;AG04;40005403;AFICHE OEA 59X84 CM                     ;UN;                                        ;5;08 - 14 dias;2026-08-11 00:00:00;          ;;1900-01-01 00:00:00;;0;          ;;0;0;0;0;0;ARIANA ALVAREZ    ;Comprar;NO;ZMDI;Materiales Diversos      ;MDIPOP001;MATERIALES POP      ;ESTRATEGIA Y MEJORA CONTINUA            
2026-08-21 21:00:23.693000;1000000606;130;AG01;40005400;AFICHE BASC 30X40 CM                    ;UN;                                        ;2;08 - 14 dias;2026-08-11 00:00:00;          ;;1900-01-01 00:00:00;;0;          ;;0;0;0;0;0;ARIANA ALVAREZ    ;Comprar;NO;ZMDI;Materiales Diversos      ;MDIPOP001;MATERIALES POP      ;ESTRATEGIA Y MEJORA CONTINUA            
2026-08-21 21:00:23.693000;1000000606;140;AG01;40005401;AFICHE OEA 30X40 CM                     ;UN;                                        ;1;08 - 14 dias;2026-08-11 00:00:00;          ;;1900-01-01 00:00:00;;0;          ;;0;0;0;0;0;ARIANA ALVAREZ    ;Comprar;NO;ZMDI;Materiales Diversos      ;MDIPOP001;MATERIALES POP      ;ESTRATEGIA Y MEJORA CONTINUA            
2026-08-21 21:00:23.693000;1000000606;150;AG10;40005400;AFICHE BASC 30X40 CM                    ;UN;                                        ;2;08 - 14 dias;2026-08-11 00:00:00;          ;;1900-01-01 00:00:00;;0;          ;;0;0;0;0;0;ARIANA ALVAREZ    ;Comprar;NO;ZMDI;Materiales Diversos      ;MDIPOP001;MATERIALES POP      ;ESTRATEGIA Y MEJORA CONTINUA            
2026-08-21 21:00:23.693000;1000000606;160;AG10;40005401;AFICHE OEA 30X40 CM                     ;UN;                                        ;1;08 - 14 dias;2026-08-11 00:00:00;          ;;1900-01-01 00:00:00;;0;          ;;0;0;0;0;0;ARIANA ALVAREZ    ;Comprar;NO;ZMDI;Materiales Diversos      ;MDIPOP001;MATERIALES POP      ;ESTRATEGIA Y MEJORA CONTINUA            
2026-08-21 21:00:23.693000;1000000616;130;AG04;38000465;RED NY 210/24 C/N X 47/64" X1920# X 520#;KG;                                        ;1040;15 - 21 dias;2026-08-05 00:00:00;          ;;1900-01-01 00:00:00;;0;          ;;3336;0;0;0;0;PATRICIA ALDAVES  ;Comprar;NO;ZRAM;Redes,Aparejos,Maniobras ;RAMRED001;PAÑOS Y CENEFAS     ;REDES                                   
2026-08-21 21:00:23.693000;1000000616;140;AG04;38000467;RED NY 210/36 C/N X 47/64" X960# X 520# ;KG;                                        ;105;15 - 21 dias;2026-08-05 00:00:00;          ;;1900-01-01 00:00:00;;0;          ;;211;0;0;0;0;PATRICIA ALDAVES  ;Comprar;NO;ZRAM;Redes,Aparejos,Maniobras ;RAMRED001;PAÑOS Y CENEFAS     ;REDES                                   
2026-08-21 21:00:23.693000;1000000616;150;AG04;38000468;RED NY 210/42 C/N X 47/64" X960# X 410# ;KG;                                        ;210;15 - 21 dias;2026-08-05 00:00:00;          ;;1900-01-01 00:00:00;;0;          ;;210;0;0;0;0;PATRICIA ALDAVES  ;Comprar;NO;ZRAM;Redes,Aparejos,Maniobras ;RAMRED001;PAÑOS Y CENEFAS     ;REDES                                   
2026-08-21 21:00:23.693000;1000000616;160;AG04;38000469;RED NY 210/48 C/N X 47/64" X960# X 410# ;KG;                                        ;200;15 - 21 dias;2026-08-05 00:00:00;          ;;1900-01-01 00:00:00;;0;          ;;400;0;0;0;0;PATRICIA ALDAVES  ;Comprar;NO;ZRAM;Redes,Aparejos,Maniobras ;RAMRED001;PAÑOS Y CENEFAS     ;REDES                                   
2026-08-21 21:00:23.693000;1000000616;170;AG04;38000470;RED NY 210/54 C/N X 47/64" X960# X 410# ;KG;                                        ;513;15 - 21 dias;2026-08-05 00:00:00;          ;;1900-01-01 00:00:00;;0;          ;;0;0;0;0;0;PATRICIA ALDAVES  ;Comprar;NO;ZRAM;Redes,Aparejos,Maniobras ;RAMRED001;PAÑOS Y CENEFAS     ;REDES                                   
2026-08-21 21:00:23.693000;1000000616;180;AG04;38000471;RED NY 210/60 C/N X 47/64" X960# X 410# ;KG;                                        ;660;15 - 21 dias;2026-08-05 00:00:00;          ;;1900-01-01 00:00:00;;0;          ;;0;0;0;0;0;PATRICIA ALDAVES  ;Comprar;NO;ZRAM;Redes,Aparejos,Maniobras ;RAMRED001;PAÑOS Y CENEFAS     ;REDES                                   
2026-08-21 21:00:23.693000;1000000616;190;AG04;38000472;RED NY 210/72 C/N X 47/64" X960# X 410# ;KG;                                        ;528;15 - 21 dias;2026-08-05 00:00:00;          ;;1900-01-01 00:00:00;;0;          ;;352;0;0;0;0;PATRICIA ALDAVES  ;Comprar;NO;ZRAM;Redes,Aparejos,Maniobras ;RAMRED001;PAÑOS Y CENEFAS     ;REDES                                   
2026-08-21 21:00:23.693000;1000000616;240;AG04;38000573;CABO PLEXUS MIX, TRENZADO 30 mm         ;M;                                        ;500;15 - 21 dias;2026-08-05 00:00:00;          ;;1900-01-01 00:00:00;;0;          ;;0;0;0;0;0;PATRICIA ALDAVES  ;Comprar;NO;ZRAM;Redes,Aparejos,Maniobras ;RAMRED002;CABOS               ;REDES                                   
2026-08-21 21:00:23.693000;1000000616;250;AG04;38000337;FLOTADOR EVA MARCA: SAM HWA MOD. SHE-100;UN;SHE-100                                 ;4300;15 - 21 dias;2026-08-05 00:00:00;          ;;1900-01-01 00:00:00;;0;          ;;0;0;0;0;0;PATRICIA ALDAVES  ;Comprar;NO;ZRAM;Redes,Aparejos,Maniobras ;RAMAPA001;FLOTADORES Y BOYAS  ;REDES                                   
2026-08-21 21:00:23.693000;1000000622;10;AG08;90005420;EQUIP DESINFECCION UV VH410/2 VIQUA 60 W;EQ;                                        ;1;08 - 14 dias;2026-08-07 00:00:00;          ;;1900-01-01 00:00:00;;0;          ;;0;0;0;0;0;ARIANA ALVAREZ    ;Comprar;NO;ZMYE;Maquinarias y Equipos    ;MYEMAQ001;MÁQUINAS            ;ADMINISTRACION                          
2026-08-21 21:00:23.693000;1000000622;30;AG08;30032651;CARTUCHO HYDRONIX CB-25-2005            ;UN;                                        ;1;08 - 14 dias;2026-08-07 00:00:00;          ;;1900-01-01 00:00:00;;0;          ;;0;0;0;0;0;ARIANA ALVAREZ    ;Comprar;NO;ZREP;Repuestos                ;REPFIL001;FILTROS ACCESORIOS  ;ADMINISTRACION                          
2026-08-21 21:00:23.693000;1000000622;50;AG08;30032652;CARTUCHO HYDRONIX SPC-25-2005           ;UN;                                        ;1;08 - 14 dias;2026-08-07 00:00:00;          ;;1900-01-01 00:00:00;;0;          ;;0;0;0;0;0;ARIANA ALVAREZ    ;Comprar;NO;ZREP;Repuestos                ;REPFIL001;FILTROS ACCESORIOS  ;ADMINISTRACION                          
2026-08-21 21:00:23.693000;1000000630;20;AG07;39000000;PESCADO FRESCO                          ;KG;                                        ;1000;01 - 07 dias;2026-08-17 00:00:00;          ;;1900-01-01 00:00:00;;0;          ;;0;0;0;0;0;ARIANA ALVAREZ    ;Comprar;NO;ZDON;Donaciones               ;DON001   ;DONACIONES          ;SOSTENIBILIDAD Y COMUNICACIONES EXTERNAS
2026-08-21 21:00:23.693000;1000000632;50;AG08;40000020;BOLSA PEBD CRISTAL 10"x14" x 5 MICRAS   ;UN;                                        ;100;08 - 14 dias;2026-08-13 00:00:00;          ;;1900-01-01 00:00:00;;0;          ;;0;0;0;0;0;ARIANA ALVAREZ    ;Comprar;NO;ZMDI;Materiales Diversos      ;MDILIM001;MATERIAL DE LIMPIEZA;ALMACENES                               
2026-08-21 21:00:23.693000;1000000633;10;AG06;45000954;LUCES DE EMERGENCIA                     ;UN;                                        ;7;08 - 14 dias;2026-08-13 00:00:00;          ;;1900-01-01 00:00:00;;0;          ;;0;0;0;0;0;ARIANA ALVAREZ    ;Comprar;NO;ZEQS;Equipamiento de Seguridad;EQSSEG001;SEGURIDAD Y SALV.   ;SEGURIDAD Y SALUD OCUPACIONAL           
2026-08-21 21:00:23.693000;1000000637;10;AG04;45000794;MORRAL TIPO CAMPAÑA AZUL C/ LOGO BORDADO;UN;                                        ;200;08 - 14 dias;2026-08-13 00:00:00;          ;;1900-01-01 00:00:00;;0;          ;;9;30;0;0;0;ARIANA ALVAREZ    ;Comprar;NO;ZEQS;Equipamiento de Seguridad;EQSSEG001;SEGURIDAD Y SALV.   ;SEGURIDAD Y SALUD OCUPACIONAL           
2026-08-21 21:00:23.693000;1000000637;20;AG10;45000794;MORRAL TIPO CAMPAÑA AZUL C/ LOGO BORDADO;UN;                                        ;200;08 - 14 dias;2026-08-13 00:00:00;          ;;1900-01-01 00:00:00;;0;          ;;9;30;0;0;0;ARIANA ALVAREZ    ;Comprar;NO;ZEQS;Equipamiento de Seguridad;EQSSEG001;SEGURIDAD Y SALV.   ;SEGURIDAD Y SALUD OCUPACIONAL           
2026-08-21 21:00:23.693000;1000000639;10;AG10;40004163;LIBRO C/DOBLE EMPASTADO PTR 22CMX30CM   ;UN;                                        ;30;01 - 07 dias;2026-08-21 00:00:00;          ;;1900-01-01 00:00:00;;0;          ;;8;0;0;0;3;ARIANA ALVAREZ    ;Comprar;NO;ZMDI;Materiales Diversos      ;MDIECO001;ECONOMATO           ;SEGURIDAD Y SALUD OCUPACIONAL           
2026-08-21 21:00:23.693000;1000000640;10;AG08;30007292;CORTINA PLASTICO PVC TRANSP 0.20mt ANCHO;M;                                        ;182;01 - 07 dias;2026-08-17 00:00:00;          ;;1900-01-01 00:00:00;;0;          ;;0;0;0;0;0;ARIANA ALVAREZ    ;Comprar;NO;ZREP;Repuestos                ;REPMEC001;REPUESTOS MECÁNICOS ;PRODUCCION                              
2026-08-21 21:00:23.693000;1000000640;20;AG08;97000251;ESCALERA T/TIJERA FIBRA VIDRIO 05 PASOS ;UN;                                        ;2;01 - 07 dias;2026-08-17 00:00:00;          ;;1900-01-01 00:00:00;;0;          ;;0;0;0;0;0;LJUBICA BARBA     ;Comprar;NO;ZHER;Herramientas             ;HERMON001;HERRAMIENTA MONTAJE ;PRODUCCION                              
2026-08-21 21:00:23.693000;1000000640;30;AG08;40001339;REMOVEDOR DE OXIDO                      ;GLN;                                        ;12;01 - 07 dias;2026-08-17 00:00:00;9000000543;;1900-01-01 00:00:00;;0;4000001745;CORPORACION PERUANA DE PRODUCTOS QU;0;0;0;0;0;FLAVIO CHUQUILLANQ;Comprar;NO;ZMDI;Materiales Diversos      ;MDIPIN001;PINTURAS Y SOLUC.   ;PRODUCCION                              
2026-08-21 21:00:23.693000;1000000641;10;AG04;40004901;PIZARRA INFORMATIVA 140X130 cm          ;UN;                                        ;3;01 - 07 dias;2026-08-21 00:00:00;          ;;1900-01-01 00:00:00;;0;          ;;0;0;0;0;0;ARIANA ALVAREZ    ;Comprar;NO;ZMDI;Materiales Diversos      ;MDIPOP001;MATERIALES POP      ;ESTRATEGIA Y MEJORA CONTINUA            
2026-08-21 21:00:23.693000;1000000641;20;AG04;40004905;PIZARRA INFORMATIVA C/RUEDAS 210X130 cm ;UN;                                        ;4;01 - 07 dias;2026-08-21 00:00:00;          ;;1900-01-01 00:00:00;;0;          ;;0;0;0;0;0;ARIANA ALVAREZ    ;Comprar;NO;ZMDI;Materiales Diversos      ;MDIPOP001;MATERIALES POP      ;ESTRATEGIA Y MEJORA CONTINUA            
2026-08-21 21:00:23.693000;1000000642;10;AG01;40005404;TELEVISOR TCL 75"                       ;UN;                                        ;1;01 - 07 dias;2026-08-20 00:00:00;          ;;1900-01-01 00:00:00;;0;          ;;0;0;0;0;0;ARIANA ALVAREZ    ;Comprar;NO;ZMDI;Materiales Diversos      ;MDIECO001;ECONOMATO           ;SERVICIOS GENERALES                     
2026-08-21 21:00:23.693000;1000000643;10;AG04;52000133;CLORO GAS LICUADO                       ;KG;                                        ;4;01 - 07 dias;2026-08-20 00:00:00;          ;;1900-01-01 00:00:00;;0;          ;;272;0;0;0;0;FLAVIO CHUQUILLANQ;Comprar;NO;ZIQU;Insumos Químicos         ;IQUGAS001;GASES INDUSTRIALES  ;PRODUCCION                              
2026-08-21 21:00:23.693000;1000000644;10;AG08;40001261;PINTURA ESMALTE AMARILLO TRAFICO        ;GLN;                                        ;6;01 - 07 dias;2026-08-20 00:00:00;9000000543;;1900-01-01 00:00:00;;0;4000001745;CORPORACION PERUANA DE PRODUCTOS QU;0;9;0;0;0;FLAVIO CHUQUILLANQ;Comprar;NO;ZMDI;Materiales Diversos      ;MDIPIN001;PINTURAS Y SOLUC.   ;PRODUCCION                              
2026-08-21 21:00:23.693000;1000000644;20;AG08;40000576;MASKING 1 X 40 YDS PEGAFAN              ;UN;19129;24;01 - 07 dias;2026-08-20 00:00:00;9000000609;;1900-01-01 00:00:00;;0;4000001731;TAI LOY S.A.                       ;0;0;0;0;0;ARIANA ALVAREZ    ;Comprar;NO;ZMDI;Materiales Diversos      ;MDIECO001;ECONOMATO           ;PRODUCCION                              
2026-08-21 21:00:23.693000;1000000644;30;AG08;40000497;CINTA MASKING 2 X 40 YDS PEGAFAN        ;UN;19173;24;01 - 07 dias;2026-08-20 00:00:00;9000000609;;1900-01-01 00:00:00;;0;4000001731;TAI LOY S.A.                       ;0;65;0;0;0;ARIANA ALVAREZ    ;Comprar;NO;ZMDI;Materiales Diversos      ;MDIECO001;ECONOMATO           ;PRODUCCION                              
2026-08-21 21:00:23.693000;1000000645;10;AG07;40005366;SILLA HABANA NYLON                      ;UN;                                        ;30;01 - 07 dias;2026-08-20 00:00:00;          ;;1900-01-01 00:00:00;;0;          ;;0;0;0;0;0;PATRICIA ALDAVES  ;Comprar;NO;ZMDI;Materiales Diversos      ;MDIHAB001;HABITABILIDAD       ;SERVICIOS GENERALES                     
2026-08-21 21:00:23.693000;1000000646;10;AG07;45001559;DETECTOR DE GAS VENTIS PRO 5            ;UN;                                        ;2;01 - 07 dias;2026-08-21 00:00:00;          ;;1900-01-01 00:00:00;;0;          ;;0;0;0;0;0;ARIANA ALVAREZ    ;Comprar;NO;ZEQS;Equipamiento de Seguridad;EQSSEG001;SEGURIDAD Y SALV.   ;SEGURIDAD Y SALUD OCUPACIONAL           
2026-08-21 21:00:23.693000;6000011262;10;AG10;52000126;GAS REFRIGERANTE R134A                  ;KG;                                        ;13.6;01 - 07 dias;2026-08-18 00:00:00;          ;;1900-01-01 00:00:00;;0;          ;;0;0;0;0;0;FLAVIO CHUQUILLANQ;Comprar;NO;ZIQU;Insumos Químicos         ;IQUGAS001;GASES INDUSTRIALES  ;MANTENIMIENTO DE FLOTA
2026-08-21 21:00:23.693000;6000020146;10;AG10;30014918;CABLE ELE AFIRENAS.X 12G1,5 mm²,0.6/1 KV;M;                                        ;150;08 - 14 dias;2026-08-10 00:00:00;          ;;1900-01-01 00:00:00;;0;          ;;300;0;100;0;120;FLAVIO CHUQUILLANQ;Comprar;NO;ZREP;Repuestos                ;REPELI001;REPUESTOS ELÉCTRICOS;MANTENIMIENTO DE FLOTA
2026-08-21 21:00:23.693000;6000020525;10;AG10;30032642;CABLE ELECT APANT 2X10MM2 82140200100   ;M;82140200100;50;08 - 14 dias;2026-08-07 00:00:00;          ;;1900-01-01 00:00:00;;0;          ;;0;0;0;0;0;FLAVIO CHUQUILLANQ;Comprar;NO;ZREP;Repuestos                ;REPELI001;REPUESTOS ELÉCTRICOS;MANTENIMIENTO DE FLOTA
2026-08-21 21:00:23.693000;6000020648;10;AG10;30032656;CABLE ELECT APANT 3G6MM2 82140310060    ;M;82140310060;50;08 - 14 dias;2026-08-07 00:00:00;          ;;1900-01-01 00:00:00;;0;          ;;0;0;0;0;0;FLAVIO CHUQUILLANQ;Comprar;NO;ZREP;Repuestos                ;REPELI001;REPUESTOS ELÉCTRICOS;MANTENIMIENTO DE FLOTA
2026-08-21 21:00:23.693000;6000020684;10;AG10;40002305;LISTON DE MADERA TORNILLO               ;UN;                                        ;5;08 - 14 dias;2026-08-07 00:00:00;          ;;1900-01-01 00:00:00;;0;          ;;19;0;0;0;0;ARIANA ALVAREZ    ;Comprar;NO;ZMDI;Materiales Diversos      ;MDIMAD001;MADERAS             ;MANTENIMIENTO DE FLOTA
2026-08-21 21:00:23.693000;6000020838;10;AG10;43003123;VALV. COMP. T/GUILL. DN350 - TIPO:1.4301;UN;                                        ;6;08 - 14 dias;2026-08-13 00:00:00;          ;;1900-01-01 00:00:00;;0;          ;;0;0;0;0;0;FLAVIO CHUQUILLANQ;Comprar;NO;ZPTP;Plan,Tub,Perfi y Válvulas;VALGEN001;VÁLVULAS Y ACCESORIO;MANTENIMIENTO DE FLOTA
2026-08-21 21:00:23.693000;6000020845;10;AG10;30009679;FANAL OVALADO TRANSP BRONCE C/ FOCO 100W;UN;FOT/H100 BR                             ;1;08 - 14 dias;2026-08-07 00:00:00;9000000611;;1900-01-01 00:00:00;;0;4000004919;A-IBAR MANUFACTURAS METALICAS SOCIE;0;0;0;0;0;FLAVIO CHUQUILLANQ;Comprar;NO;ZREP;Repuestos                ;REPELI001;REPUESTOS ELÉCTRICOS;MANTENIMIENTO DE FLOTA
2026-08-21 21:00:23.693000;6000020870;10;AG04;30032629;ADAPTADOR REC. 3/4" MF BOSS - HL NPS    ;UN;-                                       ;10;08 - 14 dias;2026-08-10 00:00:00;          ;;1900-01-01 00:00:00;;0;          ;;0;0;0;0;0;PATRICIA ALDAVES  ;Comprar;NO;ZREP;Repuestos                ;REPHDR001;REPUESTOS HIDRÁULICO;MANTENIMIENTO DE FLOTA
2026-08-21 21:00:23.693000;6000020871;10;AG04;56000969;STRECH FILM AUT 80GAUGE 23MICRASx20"16KG;KG;                                        ;80;01 - 07 dias;2026-08-20 00:00:00;          ;;1900-01-01 00:00:00;;0;          ;;4312;0;0;0;0;LJUBICA BARBA     ;Comprar;NO;ZEMB;Embalaje                 ;EMBSFI001;STRECH FILM         ;MANTENIMIENTO DE FLOTA
2026-08-21 21:00:23.693000;6000020888;10;AG10;30022228;SEAL KIT #23125 P/ WINCH PULL MASTER M8 ;UN;23125;1;08 - 14 dias;2026-08-10 00:00:00;          ;;1900-01-01 00:00:00;;0;          ;;0;0;0;0;0;PATRICIA ALDAVES  ;Comprar;NO;ZREP;Repuestos                ;REPHDR001;REPUESTOS HIDRÁULICO;MANTENIMIENTO DE FLOTA
2026-08-21 21:00:23.693000;6000020889;10;AG04;43000362;CODO 90° SCH-40 5" SOLDABLE             ;UN;A-234                                   ;2;01 - 07 dias;2026-08-20 00:00:00;          ;;1900-01-01 00:00:00;;0;          ;;0;4;0;4;0;FLAVIO CHUQUILLANQ;Comprar;NO;ZPTP;Plan,Tub,Perfi y Válvulas;PTPTBAC02;ACC. TUB FIERRO NEGR;MANTENIMIENTO DE FLOTA
2026-08-21 21:00:23.693000;6000020890;10;AG10;30021077;FAJA TRAPECIAL CAT C4.4 # 269-9117      ;UN;269-9117                                ;1;01 - 07 dias;2026-08-20 00:00:00;          ;;1900-01-01 00:00:00;;0;          ;;0;0;0;0;0;PATRICIA ALDAVES  ;Comprar;NO;ZREP;Repuestos                ;REPCAT001;RPTOS. CATERPILLAR  ;MANTENIMIENTO DE FLOTA
2026-08-21 21:00:23.693000;6000020895;10;AG10;30009434;TERMINAL TIPO PIN Nº 8 AWG              ;UN;                                        ;36;08 - 14 dias;2026-08-07 00:00:00;          ;;1900-01-01 00:00:00;;0;          ;;42;0;0;0;0;FLAVIO CHUQUILLANQ;Comprar;NO;ZREP;Repuestos                ;REPELI001;REPUESTOS ELÉCTRICOS;MANTENIMIENTO DE FLOTA
2026-08-21 21:00:23.693000;6000020899;10;AG10;43001606;VALV SEGUR 175PSI ROSC 1/2"x3/4" P/AMON ;UN;                                        ;6;08 - 14 dias;2026-08-07 00:00:00;          ;;1900-01-01 00:00:00;;0;          ;;5;0;0;0;0;FLAVIO CHUQUILLANQ;Comprar;SI;ZPTP;Plan,Tub,Perfi y Válvulas;VALGEN001;VÁLVULAS Y ACCESORIO;Criticos Flota
2026-08-21 21:00:23.693000;6000020912;10;AG10;30032658;MICROFONO HF BARRETT 4050               ;UN;BCA40010                                ;3;08 - 14 dias;2026-08-10 00:00:00;          ;;1900-01-01 00:00:00;;0;          ;;0;0;0;0;0;FLAVIO CHUQUILLANQ;Comprar;NO;ZREP;Repuestos                ;REPELO001;REPUESTOS ELECTRÓNIC;MANTENIMIENTO DE FLOTA
2026-08-21 21:00:23.693000;6000020914;10;AG10;30014823;MICROFONO PARA RADIO SAILOR SERIE 6000  ;UN;                                        ;5;08 - 14 dias;2026-08-10 00:00:00;          ;;1900-01-01 00:00:00;;0;          ;;0;0;0;0;0;FLAVIO CHUQUILLANQ;Comprar;NO;ZREP;Repuestos                ;REPELO001;REPUESTOS ELECTRÓNIC;MANTENIMIENTO DE FLOTA
2026-08-21 21:00:23.693000;6000020923;10;AG10;30019793;CONJUNTO DE INYECTOR,N/P:230-8999       ;UN;230-8999                                ;4;01 - 07 dias;2026-08-20 00:00:00;          ;;1900-01-01 00:00:00;;0;          ;;0;0;0;0;0;PATRICIA ALDAVES  ;Comprar;NO;ZREP;Repuestos                ;REPCAT001;RPTOS. CATERPILLAR  ;MANTENIMIENTO DE FLOTA
2026-08-21 21:00:23.693000;6000020925;10;AG07;30007783;FILTRO PARA COMBUSTIBLE FS-1280         ;UN;P551329                                 ;2;08 - 14 dias;2026-08-12 00:00:00;          ;;1900-01-01 00:00:00;;0;          ;;2;2;0;3;0;ARIANA ALVAREZ    ;Comprar;NO;ZREP;Repuestos                ;REPFIL001;FILTROS ACCESORIOS  ;MANTENIMIENTO DE PLANTA
2026-08-21 21:00:23.693000;6000020933;10;AG07;30029817;FILTRO AIRE FLEETGUARD, AF1811          ;UN;                                        ;1;08 - 14 dias;2026-08-12 00:00:00;          ;;1900-01-01 00:00:00;;0;          ;;0;2;0;0;0;ARIANA ALVAREZ    ;Comprar;NO;ZREP;Repuestos                ;REPFIL001;FILTROS ACCESORIOS  ;MANTENIMIENTO DE PLANTA
2026-08-21 21:00:23.693000;6000020934;10;AG07;30027482;FILTRO D/COMBUSTIBLE ROSCADO #FF5461    ;UN;FF5461                                  ;4;08 - 14 dias;2026-08-12 00:00:00;          ;;1900-01-01 00:00:00;;0;          ;;0;1;0;4;0;ARIANA ALVAREZ    ;Comprar;NO;ZREP;Repuestos                ;REPMOT001;OTROS MOTORES       ;MANTENIMIENTO DE PLANTA
2026-08-21 21:00:23.693000;6000020937;10;AG10;30011604;CARTRIDGE KIT VT6ED-066-CW (P1)         ;UN;VS24-10211                              ;1;08 - 14 dias;2026-08-10 00:00:00;          ;;1900-01-01 00:00:00;;0;          ;;0;0;0;0;0;PATRICIA ALDAVES  ;Comprar;NO;ZREP;Repuestos                ;REPHDR001;REPUESTOS HIDRÁULICO;MANTENIMIENTO DE FLOTA
2026-08-21 21:00:23.693000;6000020939;10;AG10;30028546;CARTRIDGE 50GAL,#S14-71680 P/BBA T6ED   ;UN;S14-71680                               ;1;08 - 14 dias;2026-08-10 00:00:00;          ;;1900-01-01 00:00:00;;0;          ;;0;0;0;0;0;PATRICIA ALDAVES  ;Comprar;NO;ZREP;Repuestos                ;REPBOM001;BOMBAS              ;MANTENIMIENTO DE FLOTA
2026-08-21 21:00:23.693000;6000020961;10;AG10;30010598;TABLERO METAL 1200x1000x300mm IP66      ;UN;1213500;1;08 - 14 dias;2026-08-13 00:00:00;          ;;1900-01-01 00:00:00;;0;          ;;0;0;0;0;0;FLAVIO CHUQUILLANQ;Comprar;NO;ZREP;Repuestos                ;REPELI001;REPUESTOS ELÉCTRICOS;MANTENIMIENTO DE FLOTA
2026-08-21 21:00:23.693000;6000020970;10;AG10;30008934;CINTA DE TEFLON DE 1/2" x 12 mt. (ROJO) ;ROL;2723;11;08 - 14 dias;2026-08-13 00:00:00;          ;;1900-01-01 00:00:00;;0;          ;;119;43;68;96;0;FLAVIO CHUQUILLANQ;Comprar;NO;ZREP;Repuestos                ;REPELI001;REPUESTOS ELÉCTRICOS;MANTENIMIENTO DE FLOTA
2026-08-21 21:00:23.693000;6000021001;10;AG04;50000359;ACEITE OIL L PISTON FLUID ATLAS (GLNx5L);L;                                        ;5;01 - 07 dias;2026-08-20 00:00:00;          ;;1900-01-01 00:00:00;;0;          ;;0;0;0;0;0;LJUBICA BARBA     ;Comprar;NO;ZSUM;Combus. Grasas y Lubrican;SUMLUB001;LUBRICANTES         ;MANTENIMIENTO DE FLOTA
2026-08-21 21:00:23.693000;6000021009;10;AG04;30005067;RODAJE 6202-2RSR-L038, FAG              ;UN;                                        ;4;08 - 14 dias;2026-08-12 00:00:00;          ;;1900-01-01 00:00:00;;0;          ;;0;0;7;0;2;PATRICIA ALDAVES  ;Comprar;SI;ZREP;Repuestos                ;REPROD001;RODAJES             ;Consumibles Flota
2026-08-21 21:00:23.693000;6000021010;10;AG10;90000042;MOTOR HIDRAULICO VICKERS 36M-115A1C20   ;UN;36M-115A-11C20                          ;2;08 - 14 dias;2026-08-12 00:00:00;          ;;1900-01-01 00:00:00;;0;          ;;1;0;0;0;0;PATRICIA ALDAVES  ;Comprar;SI;ZMYE;Maquinarias y Equipos    ;MYEHID001;EQUIP. HIDRÁULICOS  ;Criticos Flota
2026-08-21 21:00:23.693000;6000021012;10;AG10;30027796;SENSOR TACOMETRO #124411-91160, 6CXBM-GT;UN;124411-91160                            ;2;01 - 07 dias;2026-08-20 00:00:00;          ;;1900-01-01 00:00:00;;0;          ;;0;0;0;0;0;ARIANA ALVAREZ    ;Comprar;NO;ZREP;Repuestos                ;REPMOT001;OTROS MOTORES       ;MANTENIMIENTO DE FLOTA
2026-08-21 21:00:23.693000;6000021015;10;AG07;30032522;FLUJOMETRO MAGNETICO QTLD-50 2"         ;UN;                                        ;1;08 - 14 dias;2026-08-12 00:00:00;          ;;1900-01-01 00:00:00;;0;          ;;0;0;0;0;0;LJUBICA BARBA     ;Comprar;NO;ZREP;Repuestos                ;REPMED001;REP. INSTRUM MED.   ;MANTENIMIENTO DE PLANTA
2026-08-21 21:00:23.693000;6000021016;10;AG10;40005390;DILUYENTE JOTUN THINNER 38              ;GLN;                                        ;18;01 - 07 dias;2026-08-20 00:00:00;          ;;1900-01-01 00:00:00;;0;          ;;0;0;0;0;0;FLAVIO CHUQUILLANQ;Comprar;NO;ZMDI;Materiales Diversos      ;MDIPIN001;PINTURAS Y SOLUC.   ;MANTENIMIENTO DE FLOTA
2026-08-21 21:00:23.693000;6000021018;10;AG10;40005389;PINT TANKGUARD STORAGE WHITE (A+B) (1GL);KIT;                                        ;171;01 - 07 dias;2026-08-20 00:00:00;          ;;1900-01-01 00:00:00;;0;          ;;0;0;0;0;0;FLAVIO CHUQUILLANQ;Comprar;NO;ZMDI;Materiales Diversos      ;MDIPIN001;PINTURAS Y SOLUC.   ;MANTENIMIENTO DE FLOTA
2026-08-21 21:00:23.693000;6000021020;10;AG07;30030394;CONTOMETRO MEC. WP-80, 3" YOUNIO        ;UN;                                        ;2;08 - 14 dias;2026-08-12 00:00:00;          ;;1900-01-01 00:00:00;;0;          ;;0;0;0;0;0;LJUBICA BARBA     ;Comprar;NO;ZREP;Repuestos                ;REPMED001;REP. INSTRUM MED.   ;MANTENIMIENTO DE PLANTA
2026-08-21 21:00:23.693000;6000021021;10;AG04;30027796;SENSOR TACOMETRO #124411-91160, 6CXBM-GT;UN;124411-91160                            ;2;01 - 07 dias;2026-08-20 00:00:00;          ;;1900-01-01 00:00:00;;0;          ;;0;0;0;0;0;ARIANA ALVAREZ    ;Comprar;NO;ZREP;Repuestos                ;REPMOT001;OTROS MOTORES       ;MANTENIMIENTO DE FLOTA
2026-08-21 21:00:23.693000;6000021024;10;AG10;30030606;INTERRUPTOR DE PRESION HUBBELL 69JF9LY  ;UN;                                        ;4;01 - 07 dias;2026-08-20 00:00:00;          ;;1900-01-01 00:00:00;;0;          ;;0;0;0;0;0;FLAVIO CHUQUILLANQ;Comprar;NO;ZREP;Repuestos                ;REPELO001;REPUESTOS ELECTRÓNIC;MANTENIMIENTO DE FLOTA
2026-08-21 21:00:23.693000;6000021025;10;AG10;30030606;INTERRUPTOR DE PRESION HUBBELL 69JF9LY  ;UN;                                        ;1;01 - 07 dias;2026-08-20 00:00:00;          ;;1900-01-01 00:00:00;;0;          ;;0;0;0;0;0;FLAVIO CHUQUILLANQ;Comprar;NO;ZREP;Repuestos                ;REPELO001;REPUESTOS ELECTRÓNIC;MANTENIMIENTO DE FLOTA
2026-08-21 21:00:23.693000;6000021052;10;AG04;30009306;ATADOR CABLE NATURAL, 300x4.8 mm        ;UN;                                        ;500;08 - 14 dias;2026-08-13 00:00:00;          ;;1900-01-01 00:00:00;;0;          ;;100;400;1351;0;1198;LJUBICA BARBA     ;Comprar;SI;ZREP;Repuestos                ;REPFER001;FERRETERÍA          ;Consumibles  comunes
2026-08-21 21:00:23.693000;6000021068;10;AG04;30010216;PRENSAESTOPA IP68 PG 16 98024           ;UN;10133;7;01 - 07 dias;2026-08-20 00:00:00;          ;;1900-01-01 00:00:00;;0;          ;;0;0;0;0;0;FLAVIO CHUQUILLANQ;Comprar;NO;ZREP;Repuestos                ;REPELI001;REPUESTOS ELÉCTRICOS;MANTENIMIENTO DE FLOTA
2026-08-21 21:00:23.693000;6000021073;10;AG10;30031110;MONTURA CONICA #TR214S4129A60 RUBBER DE.;UN;TR214S4129A60                           ;8;01 - 07 dias;2026-08-20 00:00:00;          ;;1900-01-01 00:00:00;;0;          ;;0;0;0;0;0;ARIANA ALVAREZ    ;Comprar;NO;ZREP;Repuestos                ;REPMAK001;REPUESTOS MOTOR MAK ;MANTENIMIENTO DE FLOTA
2026-08-21 21:00:23.693000;6000021077;10;AG04;30000654;CYLINDER # 5N-8383                      ;UN;5N-8383                                 ;2;01 - 07 dias;2026-08-20 00:00:00;          ;;1900-01-01 00:00:00;;0;          ;;0;0;0;0;0;PATRICIA ALDAVES  ;Comprar;NO;ZREP;Repuestos                ;REPCAT001;RPTOS. CATERPILLAR  ;MANTENIMIENTO DE FLOTA
2026-08-21 21:00:23.693000;6000021081;10;AG07;30032687;MODULO SEGU SCHNEIDER XPSUAK32AP 48-230V;UN;XPSUAK32AP                              ;1;08 - 14 dias;2026-08-13 00:00:00;          ;;1900-01-01 00:00:00;;0;          ;;0;0;0;0;0;FLAVIO CHUQUILLANQ;Comprar;NO;ZREP;Repuestos                ;REPELO001;REPUESTOS ELECTRÓNIC;MANTENIMIENTO DE PLANTA
2026-08-21 21:00:23.693000;6000021085;10;AG04;30022886;FILTRO ACEITE VOLVO #23658092           ;UN;                                        ;10;08 - 14 dias;2026-08-13 00:00:00;          ;;1900-01-01 00:00:00;;0;          ;;0;0;10;0;0;ARIANA ALVAREZ    ;Comprar;SI;ZREP;Repuestos                ;REPMOT001;OTROS MOTORES       ;Consumibles Flota
2026-08-21 21:00:23.693000;6000021088;10;AG06;43000013;PLANCHA LAC ESTRIADA 4.4 x 1200 x 2400mm;UN;A-786                                   ;3;08 - 14 dias;2026-08-13 00:00:00;          ;;1900-01-01 00:00:00;;0;          ;;0;0;2;2;0;FLAVIO CHUQUILLANQ;Comprar;NO;ZPTP;Plan,Tub,Perfi y Válvulas;PTPPLST01;PLANCHAS ESTRIADAS  ;MANTENIMIENTO DE PLANTA
2026-08-21 21:00:23.693000;6000021090;10;AG10;30019060;AIR FILTER ELEMENT WRAP 24" #84A219939P8;UN;84A219939P8                             ;4;08 - 14 dias;2026-08-13 00:00:00;          ;;1900-01-01 00:00:00;;0;          ;;2;0;0;0;0;ARIANA ALVAREZ    ;Comprar;SI;ZREP;Repuestos                ;REPMEC001;REPUESTOS MECÁNICOS ;Criticos Flota
2026-08-21 21:00:23.693000;6000021092;10;AG06;43000030;PLANCHA ESTRIAD INOX DE 4.5x1220x2440mm ;UN;A-240                                   ;5;08 - 14 dias;2026-08-13 00:00:00;          ;;1900-01-01 00:00:00;;0;          ;;0;0;0;4;0;FLAVIO CHUQUILLANQ;Comprar;NO;ZPTP;Plan,Tub,Perfi y Válvulas;PTPPLST01;PLANCHAS ESTRIADAS  ;MANTENIMIENTO DE PLANTA
2026-08-21 21:00:23.693000;6000021124;10;AG10;30032684;SEAL KIT MS24-10219-0 , MT6ED           ;UN;MS24-10219-0                            ;1;08 - 14 dias;2026-08-13 00:00:00;          ;;1900-01-01 00:00:00;;0;          ;;0;0;0;0;0;PATRICIA ALDAVES  ;Comprar;NO;ZREP;Repuestos                ;REPHDR001;REPUESTOS HIDRÁULICO;MANTENIMIENTO DE FLOTA
2026-08-21 21:00:23.693000;6000021125;10;AG10;30032684;SEAL KIT MS24-10219-0 , MT6ED           ;UN;MS24-10219-0                            ;1;08 - 14 dias;2026-08-13 00:00:00;          ;;1900-01-01 00:00:00;;0;          ;;0;0;0;0;0;PATRICIA ALDAVES  ;Comprar;NO;ZREP;Repuestos                ;REPHDR001;REPUESTOS HIDRÁULICO;MANTENIMIENTO DE FLOTA
2026-08-21 21:00:23.693000;6000021126;10;AG10;30032684;SEAL KIT MS24-10219-0 , MT6ED           ;UN;MS24-10219-0                            ;1;08 - 14 dias;2026-08-13 00:00:00;          ;;1900-01-01 00:00:00;;0;          ;;0;0;0;0;0;PATRICIA ALDAVES  ;Comprar;NO;ZREP;Repuestos                ;REPHDR001;REPUESTOS HIDRÁULICO;MANTENIMIENTO DE FLOTA
2026-08-21 21:00:23.693000;6000021127;10;AG10;30032684;SEAL KIT MS24-10219-0 , MT6ED           ;UN;MS24-10219-0                            ;1;08 - 14 dias;2026-08-13 00:00:00;          ;;1900-01-01 00:00:00;;0;          ;;0;0;0;0;0;PATRICIA ALDAVES  ;Comprar;NO;ZREP;Repuestos                ;REPHDR001;REPUESTOS HIDRÁULICO;MANTENIMIENTO DE FLOTA
2026-08-21 21:00:23.693000;6000021128;10;AG10;30032685;SEAL KIT MS24-10186 , MT6E              ;UN;MS24-10186                              ;1;08 - 14 dias;2026-08-13 00:00:00;          ;;1900-01-01 00:00:00;;0;          ;;0;0;0;0;0;PATRICIA ALDAVES  ;Comprar;NO;ZREP;Repuestos                ;REPHDR001;REPUESTOS HIDRÁULICO;MANTENIMIENTO DE FLOTA
2026-08-21 21:00:23.693000;6000021129;10;AG10;30032685;SEAL KIT MS24-10186 , MT6E              ;UN;MS24-10186                              ;1;08 - 14 dias;2026-08-13 00:00:00;          ;;1900-01-01 00:00:00;;0;          ;;0;0;0;0;0;PATRICIA ALDAVES  ;Comprar;NO;ZREP;Repuestos                ;REPHDR001;REPUESTOS HIDRÁULICO;MANTENIMIENTO DE FLOTA
2026-08-21 21:00:23.693000;6000021130;10;AG10;30032685;SEAL KIT MS24-10186 , MT6E              ;UN;MS24-10186                              ;1;08 - 14 dias;2026-08-13 00:00:00;          ;;1900-01-01 00:00:00;;0;          ;;0;0;0;0;0;PATRICIA ALDAVES  ;Comprar;NO;ZREP;Repuestos                ;REPHDR001;REPUESTOS HIDRÁULICO;MANTENIMIENTO DE FLOTA
2026-08-21 21:00:23.693000;6000021132;10;AG10;90005425;SWING MOTOR #020144-54 KARMOY           ;EQ;-                                       ;1;08 - 14 dias;2026-08-13 00:00:00;          ;;1900-01-01 00:00:00;;0;          ;;0;0;0;0;0;PATRICIA ALDAVES  ;Comprar;NO;ZMYE;Maquinarias y Equipos    ;MYEHID001;EQUIP. HIDRÁULICOS  ;MANTENIMIENTO DE FLOTA
2026-08-21 21:00:23.693000;6000021133;10;AG10;90005426;SWING GEAR #020144-23 KARMOY            ;EQ;-                                       ;1;08 - 14 dias;2026-08-13 00:00:00;          ;;1900-01-01 00:00:00;;0;          ;;0;0;0;0;0;ARIANA ALVAREZ    ;Comprar;NO;ZMYE;Maquinarias y Equipos    ;MYEMEC001;EQUIP. MECÁNICO     ;MANTENIMIENTO DE FLOTA
2026-08-21 21:00:23.693000;6000021134;10;AG10;90005234;SWING GEAR #830086-5 KARMOY M320033     ;UN;                                        ;1;08 - 14 dias;2026-08-13 00:00:00;          ;;1900-01-01 00:00:00;;0;          ;;0;0;0;0;0;ARIANA ALVAREZ    ;Comprar;NO;ZMYE;Maquinarias y Equipos    ;MYEMEC001;EQUIP. MECÁNICO     ;MANTENIMIENTO DE FLOTA
2026-08-21 21:00:23.693000;6000021135;10;AG10;90005232;SWING MOTOR #850708-1 KARMOY M320080    ;UN;                                        ;1;08 - 14 dias;2026-08-13 00:00:00;          ;;1900-01-01 00:00:00;;0;          ;;0;0;0;0;0;PATRICIA ALDAVES  ;Comprar;NO;ZMYE;Maquinarias y Equipos    ;MYEHID001;EQUIP. HIDRÁULICOS  ;MANTENIMIENTO DE FLOTA
2026-08-21 21:00:23.693000;6000021147;10;AG10;40005389;PINT TANKGUARD STORAGE WHITE (A+B) (1GL);KIT;                                        ;214;01 - 07 dias;2026-08-20 00:00:00;          ;;1900-01-01 00:00:00;;0;          ;;0;0;0;0;0;FLAVIO CHUQUILLANQ;Comprar;NO;ZMDI;Materiales Diversos      ;MDIPIN001;PINTURAS Y SOLUC.   ;MANTENIMIENTO DE FLOTA
2026-08-21 21:00:23.693000;6000021148;10;AG10;40005390;DILUYENTE JOTUN THINNER 38              ;GLN;                                        ;22;01 - 07 dias;2026-08-20 00:00:00;          ;;1900-01-01 00:00:00;;0;          ;;0;0;0;0;0;FLAVIO CHUQUILLANQ;Comprar;NO;ZMDI;Materiales Diversos      ;MDIPIN001;PINTURAS Y SOLUC.   ;MANTENIMIENTO DE FLOTA
2026-08-21 21:00:23.693000;6000021158;10;AG10;30021787;FILTRO ELEMENTO SEPARAD AGUA # 01830    ;UN;1830;6;01 - 07 dias;2026-08-18 00:00:00;          ;;1900-01-01 00:00:00;;0;          ;;0;0;0;0;0;ARIANA ALVAREZ    ;Comprar;NO;ZREP;Repuestos                ;REPFIL001;FILTROS ACCESORIOS  ;MANTENIMIENTO DE FLOTA
2026-08-21 21:00:23.693000;6000021172;10;AG10;30022652;LAMPARA FLUORESCENTE PL-C 18W/840/2PINES;UN;871150027622300;20;01 - 07 dias;2026-08-20 00:00:00;9000000579;;1900-01-01 00:00:00;;0;4000005588;CONTROL DE PROCESOS INDUSTRIALES DE;0;0;0;0;0;FLAVIO CHUQUILLANQ;Comprar;NO;ZREP;Repuestos                ;REPELI001;REPUESTOS ELÉCTRICOS;MANTENIMIENTO DE FLOTA
2026-08-21 21:00:23.693000;6000021188;10;AG04;30032476;FILTER KIT #1503612960 ATLAS COPCO LT7  ;UN;1503612960;1;01 - 07 dias;2026-08-20 00:00:00;          ;;1900-01-01 00:00:00;;0;          ;;2;0;0;0;2;ARIANA ALVAREZ    ;Comprar;SI;ZREP;Repuestos                ;REPCOM001;COMPRESORAS         ;MANTENIMIENTO DE FLOTA
2026-08-21 21:00:23.693000;6000021194;10;AG10;30014434;CHOCKFAST ORANGE 4261 CC C/ENDURECEDOR  ;UN;4261;3;01 - 07 dias;2026-08-14 00:00:00;          ;;1900-01-01 00:00:00;;0;          ;;0;0;0;0;0;LJUBICA BARBA     ;Comprar;NO;ZREP;Repuestos                ;REPFER001;FERRETERÍA          ;MANTENIMIENTO DE FLOTA
2026-08-21 21:00:23.693000;6000021202;10;AG10;90004664;RADIO PORTATIL, UHF, 4 W, ICOM, ICF2100D;UN;ICF2100D                                ;2;01 - 07 dias;2026-08-20 00:00:00;          ;;1900-01-01 00:00:00;;0;          ;;0;0;0;0;0;FLAVIO CHUQUILLANQ;Comprar;NO;ZMYE;Maquinarias y Equipos    ;MYEELO001;EQUIP. ELECTRÓNICO  ;MANTENIMIENTO DE FLOTA
2026-08-21 21:00:23.693000;6000021204;10;AG10;43003169;VALV.ANGULAR.T/GLOBO,GGG40.3,DN125,PN10 ;UN;                                        ;1;01 - 07 dias;2026-08-17 00:00:00;          ;;1900-01-01 00:00:00;;0;          ;;0;0;0;0;0;FLAVIO CHUQUILLANQ;Comprar;NO;ZPTP;Plan,Tub,Perfi y Válvulas;VALGEN001;VÁLVULAS Y ACCESORIO;MANTENIMIENTO DE FLOTA
2026-08-21 21:00:23.693000;6000021206;10;AG10;43003261;VALV CHECK SWING 4",FUN. NOD., AS/BRONCE;UN;                                        ;10;01 - 07 dias;2026-08-17 00:00:00;          ;;1900-01-01 00:00:00;;0;          ;;2;0;1;0;2;FLAVIO CHUQUILLANQ;Comprar;SI;ZPTP;Plan,Tub,Perfi y Válvulas;VALGEN001;VÁLVULAS Y ACCESORIO;MANTENIMIENTO DE FLOTA
2026-08-21 21:00:23.693000;6000021209;10;AG07;30025255;ELEMENTO FILTRANTE RACOR 2020V30 P/COMB ;UN;                                        ;22;01 - 07 dias;2026-08-19 00:00:00;9000000578;;1900-01-01 00:00:00;;0;4000001748;CIA. IMPORTADORA DERTEANO & STUCKER;46;26;5;0;0;ARIANA ALVAREZ    ;Comprar;SI;ZREP;Repuestos                ;REPFIL001;FILTROS ACCESORIOS  ;Consumibles Flota
2026-08-21 21:00:23.693000;6000021211;10;AG10;43003074;VALV COMP.4"FUND.NOD,AS/BRONCE BRID ANSI;UN;                                        ;7;01 - 07 dias;2026-08-17 00:00:00;          ;;1900-01-01 00:00:00;;0;          ;;4;0;0;0;0;FLAVIO CHUQUILLANQ;Comprar;NO;ZPTP;Plan,Tub,Perfi y Válvulas;VALGEN001;VÁLVULAS Y ACCESORIO;MANTENIMIENTO DE FLOTA
2026-08-21 21:00:23.693000;6000021216;10;AG10;43003535;VALV GLOB ANGULAR VOL BRID ANSI,6",ACERO;UN;                                        ;1;01 - 07 dias;2026-08-17 00:00:00;          ;;1900-01-01 00:00:00;;0;          ;;0;0;0;0;0;FLAVIO CHUQUILLANQ;Comprar;NO;ZPTP;Plan,Tub,Perfi y Válvulas;PTPTBAC01;ACC. TUBERÍA ACERO  ;MANTENIMIENTO DE FLOTA
2026-08-21 21:00:23.693000;6000021221;10;AG10;43001491;VALVULA ANGULAR T/GLOBO DE 4" BRIDADA   ;UN;                                        ;3;01 - 07 dias;2026-08-17 00:00:00;          ;;1900-01-01 00:00:00;;0;          ;;0;0;0;0;0;FLAVIO CHUQUILLANQ;Comprar;NO;ZPTP;Plan,Tub,Perfi y Válvulas;VALGEN001;VÁLVULAS Y ACCESORIO;MANTENIMIENTO DE FLOTA
2026-08-21 21:00:23.693000;6000021222;10;AG07;45000305;RESPIRADOR CARA COMPLETA 3M MOD. 6800   ;UN;                                        ;13;01 - 07 dias;2026-08-20 00:00:00;          ;;1900-01-01 00:00:00;;0;          ;;52;11;27;20;0;ARIANA ALVAREZ    ;Comprar;SI;ZEQS;Equipamiento de Seguridad;EQSUNI001;UNIFORME            ;Consumibles SSO
2026-08-21 21:00:23.693000;6000021223;10;AG10;43002598;VALV.ANGULAR.T/GLOBO,GGG40.3,DN150,PN10 ;UN;                                        ;1;01 - 07 dias;2026-08-17 00:00:00;          ;;1900-01-01 00:00:00;;0;          ;;0;0;0;0;0;FLAVIO CHUQUILLANQ;Comprar;NO;ZPTP;Plan,Tub,Perfi y Válvulas;VALGEN001;VÁLVULAS Y ACCESORIO;MANTENIMIENTO DE FLOTA
2026-08-21 21:00:23.693000;6000021224;10;AG10;30018060;LAMPARA INDICADORA OR388 DE 28V         ;UN;                                        ;25;01 - 07 dias;2026-08-18 00:00:00;          ;;1900-01-01 00:00:00;;0;          ;;0;0;0;0;0;FLAVIO CHUQUILLANQ;Comprar;NO;ZREP;Repuestos                ;REPELI001;REPUESTOS ELÉCTRICOS;MANTENIMIENTO DE FLOTA
2026-08-21 21:00:23.693000;6000021226;10;AG10;30028932;LAMPARA FLUORESCENTE PL-C 18W/840/4PINES;UN;871150062334870;20;01 - 07 dias;2026-08-18 00:00:00;9000000579;;1900-01-01 00:00:00;;0;4000005588;CONTROL DE PROCESOS INDUSTRIALES DE;0;0;0;0;0;FLAVIO CHUQUILLANQ;Comprar;NO;ZREP;Repuestos                ;REPELI001;REPUESTOS ELÉCTRICOS;MANTENIMIENTO DE FLOTA
2026-08-21 21:00:23.693000;6000021227;10;AG04;30011454;SEAL KIT P/MOTOR VOLVO F12-250, #3797126;UN;3797126;1;01 - 07 dias;2026-08-18 00:00:00;          ;;1900-01-01 00:00:00;;0;          ;;0;0;0;0;0;ARIANA ALVAREZ    ;Comprar;NO;ZREP;Repuestos                ;REPMOT001;OTROS MOTORES       ;MANTENIMIENTO DE FLOTA
2026-08-21 21:00:23.693000;6000021236;10;AG04;30011413;CARTRIDGE KIT P/BOMBA 066 GPM BIDIREC.  ;UN;S24-40383                               ;1;01 - 07 dias;2026-08-18 00:00:00;9000000578;;1900-01-01 00:00:00;;0;4000001748;CIA. IMPORTADORA DERTEANO & STUCKER;0;0;4;0;2;PATRICIA ALDAVES  ;Comprar;NO;ZREP;Repuestos                ;REPBOM001;BOMBAS              ;MANTENIMIENTO DE FLOTA
2026-08-21 21:00:23.693000;6000021238;10;AG04;30011408;SEAL KIT,#S24-10219-0 P/BBA DENISON T6ED;UN;S24-10219-0                             ;1;01 - 07 dias;2026-08-18 00:00:00;          ;;1900-01-01 00:00:00;;0;          ;;0;1;1;0;7;PATRICIA ALDAVES  ;Comprar;NO;ZREP;Repuestos                ;REPBOM001;BOMBAS              ;MANTENIMIENTO DE FLOTA
2026-08-21 21:00:23.693000;6000021240;10;AG10;30032676;BOCINA THORDON THORPLAS BLUE 138x71x1010;UN;-                                       ;1;01 - 07 dias;2026-08-18 00:00:00;          ;;1900-01-01 00:00:00;;0;          ;;0;0;0;0;0;ARIANA ALVAREZ    ;Comprar;NO;ZREP;Repuestos                ;REPPRO001;RPTOS. SIST. PROPUL.;MANTENIMIENTO DE FLOTA
2026-08-21 21:00:23.693000;6000021242;10;AG08;40005003;RECOGEDOR NARANJA, HUDE                 ;UN;                                        ;11;01 - 07 dias;2026-08-19 00:00:00;9000000551;;1900-01-01 00:00:00;;0;4000006929;GRUPO ALLCHECK S.A.C.              ;18;1;2;19;0;ARIANA ALVAREZ    ;Comprar;SI;ZMDI;Materiales Diversos      ;MDILIM001;MATERIAL DE LIMPIEZA;Consumibles  comunes
2026-08-21 21:00:23.693000;6000021243;10;AG04;30002700;FILTRO ACEITE P/MOTOR PERKINS 2654407   ;UN;2654407;18;01 - 07 dias;2026-08-19 00:00:00;9000000594;;1900-01-01 00:00:00;;0;4000004682;FILTROS & MULTISERVICIOS S.A.C.    ;0;0;5;0;0;ARIANA ALVAREZ    ;Comprar;SI;ZREP;Repuestos                ;REPFIL001;FILTROS ACCESORIOS  ;Consumibles Flota
2026-08-21 21:00:23.693000;6000021245;10;AG04;30021787;FILTRO ELEMENTO SEPARAD AGUA # 01830    ;UN;1830;3;01 - 07 dias;2026-08-18 00:00:00;          ;;1900-01-01 00:00:00;;0;          ;;0;0;0;0;0;ARIANA ALVAREZ    ;Comprar;NO;ZREP;Repuestos                ;REPFIL001;FILTROS ACCESORIOS  ;MANTENIMIENTO DE FLOTA
2026-08-21 21:00:23.693000;6000021247;10;AG06;40004239;CINTA DE ETIQUETAS TZE-23, 12MM BROTHER ;UN;13C490                                  ;28;01 - 07 dias;2026-08-19 00:00:00;9000000609;;1900-01-01 00:00:00;;0;4000001731;TAI LOY S.A.                       ;50;22;3;39;0;ARIANA ALVAREZ    ;Comprar;SI;ZMDI;Materiales Diversos      ;MDIECO001;ECONOMATO           ;Consumibles  comunes
2026-08-21 21:00:23.693000;6000021250;10;AG04;43001020;ANGULO A-36 3/16" x 1.1/2" x 6 mt.      ;UN;A-36                                    ;5;01 - 07 dias;2026-08-19 00:00:00;          ;;1900-01-01 00:00:00;;0;          ;;3;0;0;0;0;FLAVIO CHUQUILLANQ;Comprar;SI;ZPTP;Plan,Tub,Perfi y Válvulas;PTPPFAN01;ÁNGULOS DE ACERO    ;Consumibles Flota
2026-08-21 21:00:23.693000;6000021252;10;AG10;50000275;ADITIVO PARA COMBUSTIBLE XP3            ;GLN;                                        ;15;01 - 07 dias;2026-08-18 00:00:00;          ;;1900-01-01 00:00:00;;0;          ;;0;0;0;0;0;LJUBICA BARBA     ;Comprar;NO;ZSUM;Combus. Grasas y Lubrican;SUMGRA001;GRASAS              ;MANTENIMIENTO DE FLOTA
2026-08-21 21:00:23.693000;6000021258;10;AG06;30021813;MOTOR DE CARGA DE RESORTE  1SDA073725R1 ;UN;                                        ;1;01 - 07 dias;2026-08-18 00:00:00;          ;;1900-01-01 00:00:00;;0;          ;;0;0;0;0;1;FLAVIO CHUQUILLANQ;Comprar;NO;ZREP;Repuestos                ;REPELI001;REPUESTOS ELÉCTRICOS;MANTENIMIENTO DE PLANTA
2026-08-21 21:00:23.693000;6000021260;10;AG10;30019923;MANGUERA,N/P:232-1794                   ;UN;232-1794                                ;3;01 - 07 dias;2026-08-20 00:00:00;          ;;1900-01-01 00:00:00;;0;          ;;0;0;0;0;0;PATRICIA ALDAVES  ;Comprar;NO;ZREP;Repuestos                ;REPCAT001;RPTOS. CATERPILLAR  ;MANTENIMIENTO DE FLOTA
2026-08-21 21:00:23.693000;6000021262;10;AG08;40001343;SOLVENTE DIELECTRICO SQP-66 ECOLOGICO   ;GLN;SQP-66                                  ;10;01 - 07 dias;2026-08-19 00:00:00;9000000261;;1900-01-01 00:00:00;;0;4000002619;SOLUCIONES QUIMICAS DEL PERU S.A.  ;29;5;0;10;0;FLAVIO CHUQUILLANQ;Comprar;SI;ZMDI;Materiales Diversos      ;MDIPIN001;PINTURAS Y SOLUC.   ;Consumibles  comunes
2026-08-21 21:00:23.693000;6000021264;10;AG10;30029599;REGULADOR 272-2223 - MOTOR CAT C4.4     ;UN;272-2223                                ;1;01 - 07 dias;2026-08-20 00:00:00;          ;;1900-01-01 00:00:00;;0;          ;;1;0;0;0;0;PATRICIA ALDAVES  ;Comprar;NO;ZREP;Repuestos                ;REPCAT001;RPTOS. CATERPILLAR  ;MANTENIMIENTO DE FLOTA
2026-08-21 21:00:23.693000;6000021267;10;AG10;40003167;PAPEL HIGIENICO DOBLE HOJA SUAVE        ;ROL;                                        ;140;01 - 07 dias;2026-08-19 00:00:00;9000000551;;1900-01-01 00:00:00;;0;4000006929;GRUPO ALLCHECK S.A.C.              ;0;0;74;0;20;ARIANA ALVAREZ    ;Comprar;SI;ZMDI;Materiales Diversos      ;MDILIM001;MATERIAL DE LIMPIEZA;Consumibles  comunes
2026-08-21 21:00:23.693000;6000021270;10;AG07;30002180;FILTER AS-LU # 1R-1808                  ;UN;1R-1808                                 ;14;01 - 07 dias;2026-08-19 00:00:00;          ;;1900-01-01 00:00:00;;0;          ;;16;16;3;0;0;PATRICIA ALDAVES  ;Comprar;SI;ZREP;Repuestos                ;REPCAT001;RPTOS. CATERPILLAR  ;Consumibles Flota
2026-08-21 21:00:23.693000;6000021278;10;AG10;30016378;MANGUERA 100R2  3/8 SELLADA CON ESPIGA H;UN;100282;60;01 - 07 dias;2026-08-19 00:00:00;          ;;1900-01-01 00:00:00;;0;          ;;0;0;0;0;0;PATRICIA ALDAVES  ;Comprar;NO;ZREP;Repuestos                ;REPHDR001;REPUESTOS HIDRÁULICO;MANTENIMIENTO DE FLOTA
2026-08-21 21:00:23.693000;6000021279;10;AG10;30016378;MANGUERA 100R2  3/8 SELLADA CON ESPIGA H;UN;100282;60;01 - 07 dias;2026-08-19 00:00:00;          ;;1900-01-01 00:00:00;;0;          ;;0;0;0;0;0;PATRICIA ALDAVES  ;Comprar;NO;ZREP;Repuestos                ;REPHDR001;REPUESTOS HIDRÁULICO;MANTENIMIENTO DE FLOTA
2026-08-21 21:00:23.693000;6000021280;10;AG10;30016378;MANGUERA 100R2  3/8 SELLADA CON ESPIGA H;UN;100282;60;01 - 07 dias;2026-08-19 00:00:00;          ;;1900-01-01 00:00:00;;0;          ;;0;0;0;0;0;PATRICIA ALDAVES  ;Comprar;NO;ZREP;Repuestos                ;REPHDR001;REPUESTOS HIDRÁULICO;MANTENIMIENTO DE FLOTA
2026-08-21 21:00:23.693000;6000021282;10;AG04;30032680;VALV. PRES. SUNHYDRAULIS CBEG T-2A      ;UN;                                        ;1;01 - 07 dias;2026-08-21 00:00:00;          ;;1900-01-01 00:00:00;;0;          ;;0;0;0;0;0;PATRICIA ALDAVES  ;Comprar;NO;ZREP;Repuestos                ;REPHDR001;REPUESTOS HIDRÁULICO;MANTENIMIENTO DE PLANTA
2026-08-21 21:00:23.693000;6000021285;10;AG10;90004921;HIDROLAVADORA MOD 970-TSS, 7.5 KW       ;UN;                                        ;1;01 - 07 dias;2026-08-19 00:00:00;          ;;1900-01-01 00:00:00;;0;          ;;0;0;0;0;0;PATRICIA ALDAVES  ;Comprar;NO;ZMYE;Maquinarias y Equipos    ;MYEBOM001;BOMBAS              ;MANTENIMIENTO DE FLOTA
2026-08-21 21:00:23.693000;6000021286;10;AG10;90004921;HIDROLAVADORA MOD 970-TSS, 7.5 KW       ;UN;                                        ;1;01 - 07 dias;2026-08-19 00:00:00;          ;;1900-01-01 00:00:00;;0;          ;;0;0;0;0;0;PATRICIA ALDAVES  ;Comprar;NO;ZMYE;Maquinarias y Equipos    ;MYEBOM001;BOMBAS              ;MANTENIMIENTO DE FLOTA
2026-08-21 21:00:23.693000;6000021287;10;AG10;90004921;HIDROLAVADORA MOD 970-TSS, 7.5 KW       ;UN;                                        ;1;01 - 07 dias;2026-08-19 00:00:00;          ;;1900-01-01 00:00:00;;0;          ;;0;0;0;0;0;PATRICIA ALDAVES  ;Comprar;NO;ZMYE;Maquinarias y Equipos    ;MYEBOM001;BOMBAS              ;MANTENIMIENTO DE FLOTA
2026-08-21 21:00:23.693000;6000021288;10;AG04;30009001;DADO TOMACORRIENTE UNIV 16A-250V BTICINO;UN;5158;8;01 - 07 dias;2026-08-19 00:00:00;          ;;1900-01-01 00:00:00;;0;          ;;1;0;0;0;0;FLAVIO CHUQUILLANQ;Comprar;SI;ZREP;Repuestos                ;REPELI001;REPUESTOS ELÉCTRICOS;Consumibles Flota
2026-08-21 21:00:23.693000;6000021290;10;AG10;30030415;CONECTOR RAPIDO #100008 - 9 P/ HIDROLAV.;UN;100008 - 9                              ;1;01 - 07 dias;2026-08-19 00:00:00;          ;;1900-01-01 00:00:00;;0;          ;;0;0;0;0;0;FLAVIO CHUQUILLANQ;Comprar;NO;ZREP;Repuestos                ;REPHID001;RPTOS HIDROLAVAD.   ;MANTENIMIENTO DE FLOTA
2026-08-21 21:00:23.693000;6000021291;10;AG10;30030415;CONECTOR RAPIDO #100008 - 9 P/ HIDROLAV.;UN;100008 - 9                              ;1;01 - 07 dias;2026-08-19 00:00:00;          ;;1900-01-01 00:00:00;;0;          ;;0;0;0;0;0;FLAVIO CHUQUILLANQ;Comprar;NO;ZREP;Repuestos                ;REPHID001;RPTOS HIDROLAVAD.   ;MANTENIMIENTO DE FLOTA
2026-08-21 21:00:23.693000;6000021292;10;AG10;30030415;CONECTOR RAPIDO #100008 - 9 P/ HIDROLAV.;UN;100008 - 9                              ;1;01 - 07 dias;2026-08-19 00:00:00;          ;;1900-01-01 00:00:00;;0;          ;;0;0;0;0;0;FLAVIO CHUQUILLANQ;Comprar;NO;ZREP;Repuestos                ;REPHID001;RPTOS HIDROLAVAD.   ;MANTENIMIENTO DE FLOTA
2026-08-21 21:00:23.693000;6000021293;10;AG04;90005421;MOTOR HIDRAULICO DANFOSS 151B3037       ;EQ;151B3037                                ;1;01 - 07 dias;2026-08-21 00:00:00;          ;;1900-01-01 00:00:00;;0;          ;;0;0;0;0;0;PATRICIA ALDAVES  ;Comprar;NO;ZMYE;Maquinarias y Equipos    ;MYEHID001;EQUIP. HIDRÁULICOS  ;MANTENIMIENTO DE PLANTA
2026-08-21 21:00:23.693000;6000021294;10;AG10;30029035;PISTOLA P/HIDRLAVADORA MTM HYDRO, SG35  ;UN;                                        ;1;01 - 07 dias;2026-08-19 00:00:00;          ;;1900-01-01 00:00:00;;0;          ;;0;0;0;0;0;PATRICIA ALDAVES  ;Comprar;NO;ZREP;Repuestos                ;REPHDR001;REPUESTOS HIDRÁULICO;MANTENIMIENTO DE FLOTA
2026-08-21 21:00:23.693000;6000021295;10;AG10;30029035;PISTOLA P/HIDRLAVADORA MTM HYDRO, SG35  ;UN;                                        ;1;01 - 07 dias;2026-08-19 00:00:00;          ;;1900-01-01 00:00:00;;0;          ;;0;0;0;0;0;PATRICIA ALDAVES  ;Comprar;NO;ZREP;Repuestos                ;REPHDR001;REPUESTOS HIDRÁULICO;MANTENIMIENTO DE FLOTA
2026-08-21 21:00:23.693000;6000021296;10;AG10;30029035;PISTOLA P/HIDRLAVADORA MTM HYDRO, SG35  ;UN;                                        ;1;01 - 07 dias;2026-08-19 00:00:00;          ;;1900-01-01 00:00:00;;0;          ;;0;0;0;0;0;PATRICIA ALDAVES  ;Comprar;NO;ZREP;Repuestos                ;REPHDR001;REPUESTOS HIDRÁULICO;MANTENIMIENTO DE FLOTA
2026-08-21 21:00:23.693000;6000021298;10;AG10;30022445;LUBRICADOR AUTOMATICO SIMALUBE SL01-125 ;UN;SL01-125                                ;139;01 - 07 dias;2026-08-19 00:00:00;          ;;1900-01-01 00:00:00;;0;          ;;12;4;10;0;41;LJUBICA BARBA     ;Comprar;SI;ZREP;Repuestos                ;REPFER001;FERRETERÍA          ;Criticos Flota
2026-08-21 21:00:23.693000;6000021303;10;AG06;30032694;CONDENSADOR 25KVAR, CLZ-FP-48/25-60HZ-HD;UN; R2H66L                                 ;15;01 - 07 dias;2026-08-19 00:00:00;          ;;1900-01-01 00:00:00;;0;          ;;0;0;0;0;0;FLAVIO CHUQUILLANQ;Comprar;NO;ZREP;Repuestos                ;REPELI001;REPUESTOS ELÉCTRICOS;MANTENIMIENTO DE PLANTA
2026-08-21 21:00:23.693000;6000021307;10;AG10;40003968;SILLON CAPITAN - PUENTE DE GOBIERNO     ;UN;                                        ;1;01 - 07 dias;2026-08-20 00:00:00;          ;;1900-01-01 00:00:00;;0;          ;;0;0;0;0;0;PATRICIA ALDAVES  ;Comprar;NO;ZMDI;Materiales Diversos      ;MDIHAB001;HABITABILIDAD       ;MANTENIMIENTO DE FLOTA
2026-08-21 21:00:23.693000;6000021316;10;AG07;45000774;CARTUCHO 6004 3M, C/AMONIACO/METILAMINA ;PAR;                                        ;7;01 - 07 dias;2026-08-20 00:00:00;9000000534;;1900-01-01 00:00:00;;0;4000002228;SEKUR PERU S.A.                    ;11;0;11;28;0;ARIANA ALVAREZ    ;Comprar;SI;ZEQS;Equipamiento de Seguridad;EQSUNI001;UNIFORME            ;Consumibles SSO
2026-08-21 21:00:23.693000;6000021318;10;AG04;40000109;LAVAVAJILLA ULTR LIMON SAPOLIO FCOx500ml;FCO;                                        ;45;01 - 07 dias;2026-08-20 00:00:00;9000000551;;1900-01-01 00:00:00;;0;4000006929;GRUPO ALLCHECK S.A.C.              ;51;36;39;0;4;ARIANA ALVAREZ    ;Comprar;SI;ZMDI;Materiales Diversos      ;MDILIM001;MATERIAL DE LIMPIEZA;Consumibles  comunes
2026-08-21 21:00:23.693000;6000021347;10;AG10;50000365;ACEITE MOBILGEAR 600 XP 68              ;GLN;-                                       ;220;01 - 07 dias;2026-08-21 00:00:00;          ;;1900-01-01 00:00:00;;0;          ;;0;0;0;0;0;LJUBICA BARBA     ;Comprar;NO;ZSUM;Combus. Grasas y Lubrican;SUMLUB001;LUBRICANTES         ;MANTENIMIENTO DE FLOTA
2026-08-21 21:00:23.693000;6000021363;10;AG04;40002547;CONTENEDOR IBC DE 1,000 LT. POLIETILENO ;UN;                                        ;8;01 - 07 dias;2026-08-21 00:00:00;9000000616;;1900-01-01 00:00:00;;0;4000005484;CORPORACION SEITO HM S.A.C         ;0;0;0;0;0;PATRICIA ALDAVES  ;Comprar;NO;ZMDI;Materiales Diversos      ;MDIHAB001;HABITABILIDAD       ;MANTENIMIENTO DE FLOTA
2026-08-21 21:00:23.693000;6000021396;10;AG04;40005341;FLUXOMETRO MECANICO SLOAN #3140035      ;UN;3140035;6;01 - 07 dias;2026-08-21 00:00:00;          ;;1900-01-01 00:00:00;;0;          ;;0;0;0;0;0;ARIANA ALVAREZ    ;Comprar;NO;ZMDI;Materiales Diversos      ;MDICON001;CONSTRUCCIÓN        ;MANTENIMIENTO DE FLOTA
2026-08-21 21:00:23.693000;6000021397;10;AG04;40005341;FLUXOMETRO MECANICO SLOAN #3140035      ;UN;3140035;5;01 - 07 dias;2026-08-21 00:00:00;          ;;1900-01-01 00:00:00;;0;          ;;0;0;0;0;0;ARIANA ALVAREZ    ;Comprar;NO;ZMDI;Materiales Diversos      ;MDICON001;CONSTRUCCIÓN        ;MANTENIMIENTO DE FLOTA
2026-08-21 21:00:23.693000;6000021398;10;AG10;40005341;FLUXOMETRO MECANICO SLOAN #3140035      ;UN;3140035;5;01 - 07 dias;2026-08-21 00:00:00;          ;;1900-01-01 00:00:00;;0;          ;;0;0;0;0;0;ARIANA ALVAREZ    ;Comprar;NO;ZMDI;Materiales Diversos      ;MDICON001;CONSTRUCCIÓN        ;MANTENIMIENTO DE FLOTA
